{
    "CACM-1539": 0.7360533125872258,
    "CACM-1218": 0.5370128320439512,
    "CACM-1840": 0.48823786194521684,
    "CACM-1219": 0.48488589645993635,
    "CACM-2121": 0.4815574765638951,
    "CACM-1537": 0.46689746802257087,
    "CACM-1538": 0.46689746802257087,
    "CACM-2103": 0.465141524759311,
    "CACM-1557": 0.4613511606640906,
    "CACM-1217": 0.45468997397016137,
    "CACM-1967": 0.43000680612303105,
    "CACM-965": 0.41160376555650446,
    "CACM-1022": 0.40615465420553293,
    "CACM-1299": 0.40531471852932843,
    "CACM-2104": 0.3943972450113321,
    "CACM-1841": 0.3927234745494622,
    "CACM-2089": 0.3905238333502887,
    "CACM-1521": 0.3768685767071104,
    "CACM-2120": 0.36041630093890836,
    "CACM-2225": 0.34827674060219094,
    "CACM-2028": 0.33475487461879716,
    "CACM-2489": 0.28990455661311315,
    "CACM-2414": 0.28064353184842716,
    "CACM-536": 0.24459268213930327
}